Age,Sex,Chest pain type,BP,Cholesterol,FBS over 120,EKG results,Max HR,Exercise angina,ST depression,Slope of ST,Number of vessels fluro,Thallium,Heart Disease
21,1,1,150,220,1,1,200,1,2.9,1,2,6,0
21,1,4,220,220,1,2,200,0,3.6,3,3,7,1
21,1,1,200,200,0,0,192,0,0.7999999999999979,1,0,3,0
21,1,1,200,200,0,0,192,0,0.7999999999999979,1,0,3,0
21,1,1,200,200,0,0,192,0,0.7999999999999979,1,0,3,0
31,1,4,249,280,1,2,192,1,3.8,1,4,7,1
5,1,1,120,200,1,0,150,1,1.0,1,0,3,0
